county,agency,crime,incidents
BEAVER,BEAVER COUNTY SHERIFF,arson,0
BEAVER,BEAVER COUNTY SHERIFF,assault,1
BEAVER,BEAVER COUNTY SHERIFF,burglary,18
BEAVER,BEAVER COUNTY SHERIFF,homicide,1
BEAVER,BEAVER COUNTY SHERIFF,larceny,78
BEAVER,BEAVER COUNTY SHERIFF,motor vehicle theft,7
BEAVER,BEAVER COUNTY SHERIFF,rape,0
BEAVER,BEAVER COUNTY SHERIFF,robbery,0
BOX ELDER,BOX ELDER COUNTY SHERIFF,arson,0
BOX ELDER,BOX ELDER COUNTY SHERIFF,assault,5
BOX ELDER,BOX ELDER COUNTY SHERIFF,burglary,54
BOX ELDER,BOX ELDER COUNTY SHERIFF,homicide,0
BOX ELDER,BOX ELDER COUNTY SHERIFF,larceny,144
BOX ELDER,BOX ELDER COUNTY SHERIFF,motor vehicle theft,17
BOX ELDER,BOX ELDER COUNTY SHERIFF,rape,1
BOX ELDER,BOX ELDER COUNTY SHERIFF,robbery,0
BOX ELDER,BRIGHAM CITY PD,arson,3
BOX ELDER,BRIGHAM CITY PD,assault,20
BOX ELDER,BRIGHAM CITY PD,burglary,75
BOX ELDER,BRIGHAM CITY PD,homicide,0
BOX ELDER,BRIGHAM CITY PD,larceny,345
BOX ELDER,BRIGHAM CITY PD,motor vehicle theft,40
BOX ELDER,BRIGHAM CITY PD,rape,6
BOX ELDER,BRIGHAM CITY PD,robbery,1
BOX ELDER,GARLAND PD,arson,0
BOX ELDER,GARLAND PD,assault,1
BOX ELDER,GARLAND PD,burglary,11
BOX ELDER,GARLAND PD,homicide,0
BOX ELDER,GARLAND PD,larceny,60
BOX ELDER,GARLAND PD,motor vehicle theft,1
BOX ELDER,GARLAND PD,rape,0
BOX ELDER,GARLAND PD,robbery,0
BOX ELDER,PERRY PD,arson,1
BOX ELDER,PERRY PD,assault,4
BOX ELDER,PERRY PD,burglary,7
BOX ELDER,PERRY PD,homicide,0
BOX ELDER,PERRY PD,larceny,67
BOX ELDER,PERRY PD,motor vehicle theft,0
BOX ELDER,PERRY PD,rape,0
BOX ELDER,PERRY PD,robbery,0
BOX ELDER,TREMONTON PD,arson,1
BOX ELDER,TREMONTON PD,assault,12
BOX ELDER,TREMONTON PD,burglary,44
BOX ELDER,TREMONTON PD,homicide,0
BOX ELDER,TREMONTON PD,larceny,186
BOX ELDER,TREMONTON PD,motor vehicle theft,11
BOX ELDER,TREMONTON PD,rape,4
BOX ELDER,TREMONTON PD,robbery,0
BOX ELDER,WILLARD PD,arson,1
BOX ELDER,WILLARD PD,assault,0
BOX ELDER,WILLARD PD,burglary,8
BOX ELDER,WILLARD PD,homicide,0
BOX ELDER,WILLARD PD,larceny,13
BOX ELDER,WILLARD PD,motor vehicle theft,9
BOX ELDER,WILLARD PD,rape,1
BOX ELDER,WILLARD PD,robbery,0
CACHE,CACHE COUNTY SHERIFF,arson,0
CACHE,CACHE COUNTY SHERIFF,assault,9
CACHE,CACHE COUNTY SHERIFF,burglary,57
CACHE,CACHE COUNTY SHERIFF,homicide,0
CACHE,CACHE COUNTY SHERIFF,larceny,187
CACHE,CACHE COUNTY SHERIFF,motor vehicle theft,13
CACHE,CACHE COUNTY SHERIFF,rape,7
CACHE,CACHE COUNTY SHERIFF,robbery,0
CACHE,LOGAN PD,arson,2
CACHE,LOGAN PD,assault,13
CACHE,LOGAN PD,burglary,120
CACHE,LOGAN PD,homicide,2
CACHE,LOGAN PD,larceny,639
CACHE,LOGAN PD,motor vehicle theft,18
CACHE,LOGAN PD,rape,16
CACHE,LOGAN PD,robbery,4
CACHE,NORTH PARK PD,arson,0
CACHE,NORTH PARK PD,assault,1
CACHE,NORTH PARK PD,burglary,25
CACHE,NORTH PARK PD,homicide,0
CACHE,NORTH PARK PD,larceny,225
CACHE,NORTH PARK PD,motor vehicle theft,4
CACHE,NORTH PARK PD,rape,6
CACHE,NORTH PARK PD,robbery,0
CACHE,SMITHFIELD PD,arson,0
CACHE,SMITHFIELD PD,assault,3
CACHE,SMITHFIELD PD,burglary,17
CACHE,SMITHFIELD PD,homicide,0
CACHE,SMITHFIELD PD,larceny,24
CACHE,SMITHFIELD PD,motor vehicle theft,1
CACHE,SMITHFIELD PD,rape,1
CACHE,SMITHFIELD PD,robbery,0
CACHE,UTAH STATE UNIVERSITY LOGAN,arson,0
CACHE,UTAH STATE UNIVERSITY LOGAN,assault,2
CACHE,UTAH STATE UNIVERSITY LOGAN,burglary,4
CACHE,UTAH STATE UNIVERSITY LOGAN,homicide,0
CACHE,UTAH STATE UNIVERSITY LOGAN,larceny,80
CACHE,UTAH STATE UNIVERSITY LOGAN,motor vehicle theft,0
CACHE,UTAH STATE UNIVERSITY LOGAN,rape,2
CACHE,UTAH STATE UNIVERSITY LOGAN,robbery,0
CARBON,CARBON COUNTY SHERIFF,arson,0
CARBON,CARBON COUNTY SHERIFF,assault,6
CARBON,CARBON COUNTY SHERIFF,burglary,32
CARBON,CARBON COUNTY SHERIFF,homicide,0
CARBON,CARBON COUNTY SHERIFF,larceny,80
CARBON,CARBON COUNTY SHERIFF,motor vehicle theft,4
CARBON,CARBON COUNTY SHERIFF,rape,0
CARBON,CARBON COUNTY SHERIFF,robbery,0
CARBON,EAST CARBON PD,arson,0
CARBON,EAST CARBON PD,assault,0
CARBON,EAST CARBON PD,burglary,14
CARBON,EAST CARBON PD,homicide,0
CARBON,EAST CARBON PD,larceny,17
CARBON,EAST CARBON PD,motor vehicle theft,0
CARBON,EAST CARBON PD,rape,0
CARBON,EAST CARBON PD,robbery,0
CARBON,HELPER PD,arson,1
CARBON,HELPER PD,assault,0
CARBON,HELPER PD,burglary,18
CARBON,HELPER PD,homicide,0
CARBON,HELPER PD,larceny,30
CARBON,HELPER PD,motor vehicle theft,1
CARBON,HELPER PD,rape,0
CARBON,HELPER PD,robbery,0
CARBON,PRICE PD,arson,0
CARBON,PRICE PD,assault,9
CARBON,PRICE PD,burglary,88
CARBON,PRICE PD,homicide,1
CARBON,PRICE PD,larceny,327
CARBON,PRICE PD,motor vehicle theft,8
CARBON,PRICE PD,rape,2
CARBON,PRICE PD,robbery,0
CARBON,UTAH STATE UNIVERSITY EASTERN PD,arson,0
CARBON,UTAH STATE UNIVERSITY EASTERN PD,assault,0
CARBON,UTAH STATE UNIVERSITY EASTERN PD,burglary,1
CARBON,UTAH STATE UNIVERSITY EASTERN PD,homicide,0
CARBON,UTAH STATE UNIVERSITY EASTERN PD,larceny,7
CARBON,UTAH STATE UNIVERSITY EASTERN PD,motor vehicle theft,0
CARBON,UTAH STATE UNIVERSITY EASTERN PD,rape,0
CARBON,UTAH STATE UNIVERSITY EASTERN PD,robbery,0
DAGGETT,DAGGETT COUNTY SHERIFF,arson,0
DAGGETT,DAGGETT COUNTY SHERIFF,assault,1
DAGGETT,DAGGETT COUNTY SHERIFF,burglary,3
DAGGETT,DAGGETT COUNTY SHERIFF,homicide,0
DAGGETT,DAGGETT COUNTY SHERIFF,larceny,5
DAGGETT,DAGGETT COUNTY SHERIFF,motor vehicle theft,0
DAGGETT,DAGGETT COUNTY SHERIFF,rape,0
DAGGETT,DAGGETT COUNTY SHERIFF,robbery,0
DAVIS,BOUNTIFUL PD,arson,3
DAVIS,BOUNTIFUL PD,assault,18
DAVIS,BOUNTIFUL PD,burglary,113
DAVIS,BOUNTIFUL PD,homicide,0
DAVIS,BOUNTIFUL PD,larceny,658
DAVIS,BOUNTIFUL PD,motor vehicle theft,72
DAVIS,BOUNTIFUL PD,rape,19
DAVIS,BOUNTIFUL PD,robbery,2
DAVIS,CENTERVILLE PD,arson,3
DAVIS,CENTERVILLE PD,assault,11
DAVIS,CENTERVILLE PD,burglary,68
DAVIS,CENTERVILLE PD,homicide,0
DAVIS,CENTERVILLE PD,larceny,436
DAVIS,CENTERVILLE PD,motor vehicle theft,15
DAVIS,CENTERVILLE PD,rape,13
DAVIS,CENTERVILLE PD,robbery,5
DAVIS,CLEARFIELD PD,arson,7
DAVIS,CLEARFIELD PD,assault,14
DAVIS,CLEARFIELD PD,burglary,97
DAVIS,CLEARFIELD PD,homicide,1
DAVIS,CLEARFIELD PD,larceny,519
DAVIS,CLEARFIELD PD,motor vehicle theft,27
DAVIS,CLEARFIELD PD,rape,4
DAVIS,CLEARFIELD PD,robbery,8
DAVIS,CLINTON PD,arson,1
DAVIS,CLINTON PD,assault,7
DAVIS,CLINTON PD,burglary,25
DAVIS,CLINTON PD,homicide,0
DAVIS,CLINTON PD,larceny,195
DAVIS,CLINTON PD,motor vehicle theft,9
DAVIS,CLINTON PD,rape,1
DAVIS,CLINTON PD,robbery,1
DAVIS,DAVIS COUNTY SHERIFF,arson,0
DAVIS,DAVIS COUNTY SHERIFF,assault,6
DAVIS,DAVIS COUNTY SHERIFF,burglary,33
DAVIS,DAVIS COUNTY SHERIFF,homicide,0
DAVIS,DAVIS COUNTY SHERIFF,larceny,151
DAVIS,DAVIS COUNTY SHERIFF,motor vehicle theft,12
DAVIS,DAVIS COUNTY SHERIFF,rape,7
DAVIS,DAVIS COUNTY SHERIFF,robbery,0
DAVIS,FARMINGTON PD,arson,2
DAVIS,FARMINGTON PD,assault,6
DAVIS,FARMINGTON PD,burglary,32
DAVIS,FARMINGTON PD,homicide,0
DAVIS,FARMINGTON PD,larceny,225
DAVIS,FARMINGTON PD,motor vehicle theft,20
DAVIS,FARMINGTON PD,rape,5
DAVIS,FARMINGTON PD,robbery,1
DAVIS,KAYSVILLE PD,arson,1
DAVIS,KAYSVILLE PD,assault,6
DAVIS,KAYSVILLE PD,burglary,34
DAVIS,KAYSVILLE PD,homicide,0
DAVIS,KAYSVILLE PD,larceny,147
DAVIS,KAYSVILLE PD,motor vehicle theft,13
DAVIS,KAYSVILLE PD,rape,6
DAVIS,KAYSVILLE PD,robbery,2
DAVIS,LAYTON PD,arson,5
DAVIS,LAYTON PD,assault,36
DAVIS,LAYTON PD,burglary,173
DAVIS,LAYTON PD,homicide,1
DAVIS,LAYTON PD,larceny,1258
DAVIS,LAYTON PD,motor vehicle theft,55
DAVIS,LAYTON PD,rape,23
DAVIS,LAYTON PD,robbery,11
DAVIS,NORTH SALT LAKE PD,arson,3
DAVIS,NORTH SALT LAKE PD,assault,8
DAVIS,NORTH SALT LAKE PD,burglary,76
DAVIS,NORTH SALT LAKE PD,homicide,0
DAVIS,NORTH SALT LAKE PD,larceny,302
DAVIS,NORTH SALT LAKE PD,motor vehicle theft,53
DAVIS,NORTH SALT LAKE PD,rape,6
DAVIS,NORTH SALT LAKE PD,robbery,0
DAVIS,SUNSET PD,arson,0
DAVIS,SUNSET PD,assault,4
DAVIS,SUNSET PD,burglary,9
DAVIS,SUNSET PD,homicide,0
DAVIS,SUNSET PD,larceny,82
DAVIS,SUNSET PD,motor vehicle theft,3
DAVIS,SUNSET PD,rape,0
DAVIS,SUNSET PD,robbery,0
DAVIS,SYRACUSE PD,arson,3
DAVIS,SYRACUSE PD,assault,6
DAVIS,SYRACUSE PD,burglary,25
DAVIS,SYRACUSE PD,homicide,2
DAVIS,SYRACUSE PD,larceny,228
DAVIS,SYRACUSE PD,motor vehicle theft,5
DAVIS,SYRACUSE PD,rape,2
DAVIS,SYRACUSE PD,robbery,1
DAVIS,WEST BOUNTIFUL PD,arson,0
DAVIS,WEST BOUNTIFUL PD,assault,1
DAVIS,WEST BOUNTIFUL PD,burglary,9
DAVIS,WEST BOUNTIFUL PD,homicide,0
DAVIS,WEST BOUNTIFUL PD,larceny,110
DAVIS,WEST BOUNTIFUL PD,motor vehicle theft,2
DAVIS,WEST BOUNTIFUL PD,rape,4
DAVIS,WEST BOUNTIFUL PD,robbery,0
DAVIS,WOODS CROSS PD,arson,2
DAVIS,WOODS CROSS PD,assault,6
DAVIS,WOODS CROSS PD,burglary,24
DAVIS,WOODS CROSS PD,homicide,0
DAVIS,WOODS CROSS PD,larceny,108
DAVIS,WOODS CROSS PD,motor vehicle theft,26
DAVIS,WOODS CROSS PD,rape,2
DAVIS,WOODS CROSS PD,robbery,2
DUCHESNE,DUCHESNE COUNTY SHERIFF,arson,0
DUCHESNE,DUCHESNE COUNTY SHERIFF,assault,16
DUCHESNE,DUCHESNE COUNTY SHERIFF,burglary,40
DUCHESNE,DUCHESNE COUNTY SHERIFF,homicide,0
DUCHESNE,DUCHESNE COUNTY SHERIFF,larceny,163
DUCHESNE,DUCHESNE COUNTY SHERIFF,motor vehicle theft,26
DUCHESNE,DUCHESNE COUNTY SHERIFF,rape,5
DUCHESNE,DUCHESNE COUNTY SHERIFF,robbery,0
DUCHESNE,ROOSEVELT PD,arson,0
DUCHESNE,ROOSEVELT PD,assault,13
DUCHESNE,ROOSEVELT PD,burglary,34
DUCHESNE,ROOSEVELT PD,homicide,0
DUCHESNE,ROOSEVELT PD,larceny,217
DUCHESNE,ROOSEVELT PD,motor vehicle theft,32
DUCHESNE,ROOSEVELT PD,rape,22
DUCHESNE,ROOSEVELT PD,robbery,1
EMERY,EMERY COUNTY SHERIFF,arson,0
EMERY,EMERY COUNTY SHERIFF,assault,13
EMERY,EMERY COUNTY SHERIFF,burglary,19
EMERY,EMERY COUNTY SHERIFF,homicide,0
EMERY,EMERY COUNTY SHERIFF,larceny,77
EMERY,EMERY COUNTY SHERIFF,motor vehicle theft,5
EMERY,EMERY COUNTY SHERIFF,rape,4
EMERY,EMERY COUNTY SHERIFF,robbery,0
GARFIELD,ESCALANTE PD,arson,0
GARFIELD,ESCALANTE PD,assault,0
GARFIELD,ESCALANTE PD,burglary,2
GARFIELD,ESCALANTE PD,homicide,0
GARFIELD,ESCALANTE PD,larceny,6
GARFIELD,ESCALANTE PD,motor vehicle theft,0
GARFIELD,ESCALANTE PD,rape,1
GARFIELD,ESCALANTE PD,robbery,0
GRAND,GRAND COUNTY SHERIFF,arson,0
GRAND,GRAND COUNTY SHERIFF,assault,2
GRAND,GRAND COUNTY SHERIFF,burglary,32
GRAND,GRAND COUNTY SHERIFF,homicide,0
GRAND,GRAND COUNTY SHERIFF,larceny,32
GRAND,GRAND COUNTY SHERIFF,motor vehicle theft,4
GRAND,GRAND COUNTY SHERIFF,rape,2
GRAND,GRAND COUNTY SHERIFF,robbery,0
GRAND,MOAB PD,arson,1
GRAND,MOAB PD,assault,8
GRAND,MOAB PD,burglary,14
GRAND,MOAB PD,homicide,0
GRAND,MOAB PD,larceny,149
GRAND,MOAB PD,motor vehicle theft,14
GRAND,MOAB PD,rape,2
GRAND,MOAB PD,robbery,0
IRON,BRIAN HEAD MARSHAL,arson,0
IRON,BRIAN HEAD MARSHAL,assault,0
IRON,BRIAN HEAD MARSHAL,burglary,7
IRON,BRIAN HEAD MARSHAL,homicide,0
IRON,BRIAN HEAD MARSHAL,larceny,6
IRON,BRIAN HEAD MARSHAL,motor vehicle theft,0
IRON,BRIAN HEAD MARSHAL,rape,0
IRON,BRIAN HEAD MARSHAL,robbery,0
IRON,CEDAR CITY PD,arson,0
IRON,CEDAR CITY PD,assault,54
IRON,CEDAR CITY PD,burglary,119
IRON,CEDAR CITY PD,homicide,1
IRON,CEDAR CITY PD,larceny,567
IRON,CEDAR CITY PD,motor vehicle theft,30
IRON,CEDAR CITY PD,rape,12
IRON,CEDAR CITY PD,robbery,6
IRON,ENOCH PD,arson,0
IRON,ENOCH PD,assault,11
IRON,ENOCH PD,burglary,21
IRON,ENOCH PD,homicide,0
IRON,ENOCH PD,larceny,41
IRON,ENOCH PD,motor vehicle theft,5
IRON,ENOCH PD,rape,2
IRON,ENOCH PD,robbery,0
IRON,IRON COUNTY SHERIFF,arson,0
IRON,IRON COUNTY SHERIFF,assault,22
IRON,IRON COUNTY SHERIFF,burglary,32
IRON,IRON COUNTY SHERIFF,homicide,1
IRON,IRON COUNTY SHERIFF,larceny,76
IRON,IRON COUNTY SHERIFF,motor vehicle theft,19
IRON,IRON COUNTY SHERIFF,rape,6
IRON,IRON COUNTY SHERIFF,robbery,1
IRON,PAROWAN PD,arson,0
IRON,PAROWAN PD,assault,3
IRON,PAROWAN PD,burglary,10
IRON,PAROWAN PD,homicide,0
IRON,PAROWAN PD,larceny,13
IRON,PAROWAN PD,motor vehicle theft,2
IRON,PAROWAN PD,rape,0
IRON,PAROWAN PD,robbery,0
IRON,SOUTHERN UTAH UNIVERSITY PD,arson,0
IRON,SOUTHERN UTAH UNIVERSITY PD,assault,0
IRON,SOUTHERN UTAH UNIVERSITY PD,burglary,1
IRON,SOUTHERN UTAH UNIVERSITY PD,homicide,0
IRON,SOUTHERN UTAH UNIVERSITY PD,larceny,17
IRON,SOUTHERN UTAH UNIVERSITY PD,motor vehicle theft,0
IRON,SOUTHERN UTAH UNIVERSITY PD,rape,0
IRON,SOUTHERN UTAH UNIVERSITY PD,robbery,0
JUAB,JUAB COUNTY SHERIFF,arson,0
JUAB,JUAB COUNTY SHERIFF,assault,5
JUAB,JUAB COUNTY SHERIFF,burglary,9
JUAB,JUAB COUNTY SHERIFF,homicide,0
JUAB,JUAB COUNTY SHERIFF,larceny,52
JUAB,JUAB COUNTY SHERIFF,motor vehicle theft,6
JUAB,JUAB COUNTY SHERIFF,rape,1
JUAB,JUAB COUNTY SHERIFF,robbery,0
JUAB,NEPHI PD,arson,0
JUAB,NEPHI PD,assault,0
JUAB,NEPHI PD,burglary,32
JUAB,NEPHI PD,homicide,0
JUAB,NEPHI PD,larceny,139
JUAB,NEPHI PD,motor vehicle theft,7
JUAB,NEPHI PD,rape,0
JUAB,NEPHI PD,robbery,2
KANE,BIG WATER MARSHALS OFFICE,arson,0
KANE,BIG WATER MARSHALS OFFICE,assault,0
KANE,BIG WATER MARSHALS OFFICE,burglary,2
KANE,BIG WATER MARSHALS OFFICE,homicide,0
KANE,BIG WATER MARSHALS OFFICE,larceny,5
KANE,BIG WATER MARSHALS OFFICE,motor vehicle theft,0
KANE,BIG WATER MARSHALS OFFICE,rape,0
KANE,BIG WATER MARSHALS OFFICE,robbery,0
KANE,KANAB PD,arson,0
KANE,KANAB PD,assault,14
KANE,KANAB PD,burglary,5
KANE,KANAB PD,homicide,0
KANE,KANAB PD,larceny,33
KANE,KANAB PD,motor vehicle theft,4
KANE,KANAB PD,rape,0
KANE,KANAB PD,robbery,0
KANE,KANE COUNTY SHERIFF,arson,0
KANE,KANE COUNTY SHERIFF,assault,4
KANE,KANE COUNTY SHERIFF,burglary,4
KANE,KANE COUNTY SHERIFF,homicide,0
KANE,KANE COUNTY SHERIFF,larceny,5
KANE,KANE COUNTY SHERIFF,motor vehicle theft,0
KANE,KANE COUNTY SHERIFF,rape,0
KANE,KANE COUNTY SHERIFF,robbery,0
MILLARD,MILLARD COUNTY SHERIFF,arson,0
MILLARD,MILLARD COUNTY SHERIFF,assault,30
MILLARD,MILLARD COUNTY SHERIFF,burglary,31
MILLARD,MILLARD COUNTY SHERIFF,homicide,0
MILLARD,MILLARD COUNTY SHERIFF,larceny,207
MILLARD,MILLARD COUNTY SHERIFF,motor vehicle theft,5
MILLARD,MILLARD COUNTY SHERIFF,rape,2
MILLARD,MILLARD COUNTY SHERIFF,robbery,0
MORGAN,MORGAN COUNTY SHERIFF,arson,0
MORGAN,MORGAN COUNTY SHERIFF,assault,1
MORGAN,MORGAN COUNTY SHERIFF,burglary,1
MORGAN,MORGAN COUNTY SHERIFF,homicide,0
MORGAN,MORGAN COUNTY SHERIFF,larceny,10
MORGAN,MORGAN COUNTY SHERIFF,motor vehicle theft,1
MORGAN,MORGAN COUNTY SHERIFF,rape,1
MORGAN,MORGAN COUNTY SHERIFF,robbery,0
PIUTE,PIUTE COUNTY SHERIFF,arson,0
PIUTE,PIUTE COUNTY SHERIFF,assault,1
PIUTE,PIUTE COUNTY SHERIFF,burglary,4
PIUTE,PIUTE COUNTY SHERIFF,homicide,0
PIUTE,PIUTE COUNTY SHERIFF,larceny,4
PIUTE,PIUTE COUNTY SHERIFF,motor vehicle theft,1
PIUTE,PIUTE COUNTY SHERIFF,rape,0
PIUTE,PIUTE COUNTY SHERIFF,robbery,0
RICH,RICH COUNTY SHERIFF,arson,0
RICH,RICH COUNTY SHERIFF,assault,2
RICH,RICH COUNTY SHERIFF,burglary,10
RICH,RICH COUNTY SHERIFF,homicide,0
RICH,RICH COUNTY SHERIFF,larceny,27
RICH,RICH COUNTY SHERIFF,motor vehicle theft,0
RICH,RICH COUNTY SHERIFF,rape,0
RICH,RICH COUNTY SHERIFF,robbery,0
SALT LAKE,BLUFFDALE PD,arson,0
SALT LAKE,BLUFFDALE PD,assault,5
SALT LAKE,BLUFFDALE PD,burglary,36
SALT LAKE,BLUFFDALE PD,homicide,0
SALT LAKE,BLUFFDALE PD,larceny,84
SALT LAKE,BLUFFDALE PD,motor vehicle theft,7
SALT LAKE,BLUFFDALE PD,rape,2
SALT LAKE,BLUFFDALE PD,robbery,0
SALT LAKE,COTTONWOOD HEIGHTS PD,arson,0
SALT LAKE,COTTONWOOD HEIGHTS PD,assault,26
SALT LAKE,COTTONWOOD HEIGHTS PD,burglary,107
SALT LAKE,COTTONWOOD HEIGHTS PD,homicide,0
SALT LAKE,COTTONWOOD HEIGHTS PD,larceny,556
SALT LAKE,COTTONWOOD HEIGHTS PD,motor vehicle theft,46
SALT LAKE,COTTONWOOD HEIGHTS PD,rape,6
SALT LAKE,COTTONWOOD HEIGHTS PD,robbery,9
SALT LAKE,DRAPER PD,arson,5
SALT LAKE,DRAPER PD,assault,43
SALT LAKE,DRAPER PD,burglary,159
SALT LAKE,DRAPER PD,homicide,1
SALT LAKE,DRAPER PD,larceny,907
SALT LAKE,DRAPER PD,motor vehicle theft,86
SALT LAKE,DRAPER PD,rape,8
SALT LAKE,DRAPER PD,robbery,8
SALT LAKE,GRANITE SCHOOL DISTRICT PD,arson,0
SALT LAKE,GRANITE SCHOOL DISTRICT PD,assault,9
SALT LAKE,GRANITE SCHOOL DISTRICT PD,burglary,16
SALT LAKE,GRANITE SCHOOL DISTRICT PD,homicide,0
SALT LAKE,GRANITE SCHOOL DISTRICT PD,larceny,143
SALT LAKE,GRANITE SCHOOL DISTRICT PD,motor vehicle theft,2
SALT LAKE,GRANITE SCHOOL DISTRICT PD,rape,0
SALT LAKE,GRANITE SCHOOL DISTRICT PD,robbery,1
SALT LAKE,MURRAY PD,arson,1
SALT LAKE,MURRAY PD,assault,107
SALT LAKE,MURRAY PD,burglary,284
SALT LAKE,MURRAY PD,homicide,1
SALT LAKE,MURRAY PD,larceny,1964
SALT LAKE,MURRAY PD,motor vehicle theft,144
SALT LAKE,MURRAY PD,rape,31
SALT LAKE,MURRAY PD,robbery,55
SALT LAKE,SALT LAKE CITY PD,arson,58
SALT LAKE,SALT LAKE CITY PD,assault,762
SALT LAKE,SALT LAKE CITY PD,burglary,1692
SALT LAKE,SALT LAKE CITY PD,homicide,7
SALT LAKE,SALT LAKE CITY PD,larceny,12898
SALT LAKE,SALT LAKE CITY PD,motor vehicle theft,1578
SALT LAKE,SALT LAKE CITY PD,rape,141
SALT LAKE,SALT LAKE CITY PD,robbery,446
SALT LAKE,SANDY PD,arson,7
SALT LAKE,SANDY PD,assault,95
SALT LAKE,SANDY PD,burglary,418
SALT LAKE,SANDY PD,homicide,2
SALT LAKE,SANDY PD,larceny,1972
SALT LAKE,SANDY PD,motor vehicle theft,157
SALT LAKE,SANDY PD,rape,16
SALT LAKE,SANDY PD,robbery,37
SALT LAKE,SOUTH JORDAN PD,arson,1
SALT LAKE,SOUTH JORDAN PD,assault,17
SALT LAKE,SOUTH JORDAN PD,burglary,151
SALT LAKE,SOUTH JORDAN PD,homicide,0
SALT LAKE,SOUTH JORDAN PD,larceny,1152
SALT LAKE,SOUTH JORDAN PD,motor vehicle theft,71
SALT LAKE,SOUTH JORDAN PD,rape,9
SALT LAKE,SOUTH JORDAN PD,robbery,19
SALT LAKE,SOUTH SALT LAKE PD,arson,2
SALT LAKE,SOUTH SALT LAKE PD,assault,119
SALT LAKE,SOUTH SALT LAKE PD,burglary,210
SALT LAKE,SOUTH SALT LAKE PD,homicide,2
SALT LAKE,SOUTH SALT LAKE PD,larceny,1186
SALT LAKE,SOUTH SALT LAKE PD,motor vehicle theft,254
SALT LAKE,SOUTH SALT LAKE PD,rape,41
SALT LAKE,SOUTH SALT LAKE PD,robbery,44
SALT LAKE,UNIFIED POLICE DEPT OF GREATER SALT LAKE,arson,22
SALT LAKE,UNIFIED POLICE DEPT OF GREATER SALT LAKE,assault,426
SALT LAKE,UNIFIED POLICE DEPT OF GREATER SALT LAKE,burglary,1596
SALT LAKE,UNIFIED POLICE DEPT OF GREATER SALT LAKE,homicide,5
SALT LAKE,UNIFIED POLICE DEPT OF GREATER SALT LAKE,larceny,8266
SALT LAKE,UNIFIED POLICE DEPT OF GREATER SALT LAKE,motor vehicle theft,1255
SALT LAKE,UNIFIED POLICE DEPT OF GREATER SALT LAKE,rape,103
SALT LAKE,UNIFIED POLICE DEPT OF GREATER SALT LAKE,robbery,182
SALT LAKE,UNIVERSITY OF UTAH PD,arson,0
SALT LAKE,UNIVERSITY OF UTAH PD,assault,7
SALT LAKE,UNIVERSITY OF UTAH PD,burglary,85
SALT LAKE,UNIVERSITY OF UTAH PD,homicide,0
SALT LAKE,UNIVERSITY OF UTAH PD,larceny,467
SALT LAKE,UNIVERSITY OF UTAH PD,motor vehicle theft,21
SALT LAKE,UNIVERSITY OF UTAH PD,rape,4
SALT LAKE,UNIVERSITY OF UTAH PD,robbery,2
SALT LAKE,WEST JORDAN PD,arson,3
SALT LAKE,WEST JORDAN PD,assault,156
SALT LAKE,WEST JORDAN PD,burglary,286
SALT LAKE,WEST JORDAN PD,homicide,0
SALT LAKE,WEST JORDAN PD,larceny,1606
SALT LAKE,WEST JORDAN PD,motor vehicle theft,167
SALT LAKE,WEST JORDAN PD,rape,13
SALT LAKE,WEST JORDAN PD,robbery,38
SALT LAKE,WEST VALLEY PD,arson,11
SALT LAKE,WEST VALLEY PD,assault,366
SALT LAKE,WEST VALLEY PD,burglary,834
SALT LAKE,WEST VALLEY PD,homicide,1
SALT LAKE,WEST VALLEY PD,larceny,4296
SALT LAKE,WEST VALLEY PD,motor vehicle theft,689
SALT LAKE,WEST VALLEY PD,rape,100
SALT LAKE,WEST VALLEY PD,robbery,132
SAN JUAN,BLANDING PD,arson,0
SAN JUAN,BLANDING PD,assault,4
SAN JUAN,BLANDING PD,burglary,16
SAN JUAN,BLANDING PD,homicide,0
SAN JUAN,BLANDING PD,larceny,66
SAN JUAN,BLANDING PD,motor vehicle theft,2
SAN JUAN,BLANDING PD,rape,2
SAN JUAN,BLANDING PD,robbery,0
SAN JUAN,MONTICELLO PD,arson,0
SAN JUAN,MONTICELLO PD,assault,0
SAN JUAN,MONTICELLO PD,burglary,6
SAN JUAN,MONTICELLO PD,homicide,0
SAN JUAN,MONTICELLO PD,larceny,19
SAN JUAN,MONTICELLO PD,motor vehicle theft,1
SAN JUAN,MONTICELLO PD,rape,1
SAN JUAN,MONTICELLO PD,robbery,0
SAN JUAN,SAN JUAN COUNTY SHERIFF,arson,0
SAN JUAN,SAN JUAN COUNTY SHERIFF,assault,5
SAN JUAN,SAN JUAN COUNTY SHERIFF,burglary,14
SAN JUAN,SAN JUAN COUNTY SHERIFF,homicide,0
SAN JUAN,SAN JUAN COUNTY SHERIFF,larceny,54
SAN JUAN,SAN JUAN COUNTY SHERIFF,motor vehicle theft,7
SAN JUAN,SAN JUAN COUNTY SHERIFF,rape,2
SAN JUAN,SAN JUAN COUNTY SHERIFF,robbery,1
SANPETE,CENTERFIELD PD,arson,0
SANPETE,CENTERFIELD PD,assault,1
SANPETE,CENTERFIELD PD,burglary,0
SANPETE,CENTERFIELD PD,homicide,0
SANPETE,CENTERFIELD PD,larceny,2
SANPETE,CENTERFIELD PD,motor vehicle theft,0
SANPETE,CENTERFIELD PD,rape,0
SANPETE,CENTERFIELD PD,robbery,0
SANPETE,EPHRAIM PD,arson,0
SANPETE,EPHRAIM PD,assault,3
SANPETE,EPHRAIM PD,burglary,18
SANPETE,EPHRAIM PD,homicide,0
SANPETE,EPHRAIM PD,larceny,50
SANPETE,EPHRAIM PD,motor vehicle theft,2
SANPETE,EPHRAIM PD,rape,0
SANPETE,EPHRAIM PD,robbery,0
SANPETE,FAIRVIEW PD,arson,0
SANPETE,FAIRVIEW PD,assault,0
SANPETE,FAIRVIEW PD,burglary,2
SANPETE,FAIRVIEW PD,homicide,0
SANPETE,FAIRVIEW PD,larceny,2
SANPETE,FAIRVIEW PD,motor vehicle theft,0
SANPETE,FAIRVIEW PD,rape,1
SANPETE,FAIRVIEW PD,robbery,0
SANPETE,FOUNTAIN GREEN PD,arson,0
SANPETE,FOUNTAIN GREEN PD,assault,1
SANPETE,FOUNTAIN GREEN PD,burglary,0
SANPETE,FOUNTAIN GREEN PD,homicide,0
SANPETE,FOUNTAIN GREEN PD,larceny,10
SANPETE,FOUNTAIN GREEN PD,motor vehicle theft,2
SANPETE,FOUNTAIN GREEN PD,rape,0
SANPETE,FOUNTAIN GREEN PD,robbery,0
SANPETE,MORONI PD,arson,0
SANPETE,MORONI PD,assault,1
SANPETE,MORONI PD,burglary,0
SANPETE,MORONI PD,homicide,0
SANPETE,MORONI PD,larceny,2
SANPETE,MORONI PD,motor vehicle theft,0
SANPETE,MORONI PD,rape,0
SANPETE,MORONI PD,robbery,0
SANPETE,MT. PLEASANT PD,arson,0
SANPETE,MT. PLEASANT PD,assault,1
SANPETE,MT. PLEASANT PD,burglary,7
SANPETE,MT. PLEASANT PD,homicide,0
SANPETE,MT. PLEASANT PD,larceny,42
SANPETE,MT. PLEASANT PD,motor vehicle theft,5
SANPETE,MT. PLEASANT PD,rape,1
SANPETE,MT. PLEASANT PD,robbery,0
SANPETE,SANPETE COUNTY SHERIFF,arson,0
SANPETE,SANPETE COUNTY SHERIFF,assault,3
SANPETE,SANPETE COUNTY SHERIFF,burglary,11
SANPETE,SANPETE COUNTY SHERIFF,homicide,1
SANPETE,SANPETE COUNTY SHERIFF,larceny,88
SANPETE,SANPETE COUNTY SHERIFF,motor vehicle theft,11
SANPETE,SANPETE COUNTY SHERIFF,rape,2
SANPETE,SANPETE COUNTY SHERIFF,robbery,0
SANPETE,SNOW COLLEGE PD,arson,0
SANPETE,SNOW COLLEGE PD,assault,0
SANPETE,SNOW COLLEGE PD,burglary,3
SANPETE,SNOW COLLEGE PD,homicide,0
SANPETE,SNOW COLLEGE PD,larceny,27
SANPETE,SNOW COLLEGE PD,motor vehicle theft,0
SANPETE,SNOW COLLEGE PD,rape,1
SANPETE,SNOW COLLEGE PD,robbery,0
SEVIER,RICHFIELD PD,arson,0
SEVIER,RICHFIELD PD,assault,5
SEVIER,RICHFIELD PD,burglary,27
SEVIER,RICHFIELD PD,homicide,0
SEVIER,RICHFIELD PD,larceny,206
SEVIER,RICHFIELD PD,motor vehicle theft,10
SEVIER,RICHFIELD PD,rape,0
SEVIER,RICHFIELD PD,robbery,0
SEVIER,SALINA PD,arson,0
SEVIER,SALINA PD,assault,1
SEVIER,SALINA PD,burglary,15
SEVIER,SALINA PD,homicide,0
SEVIER,SALINA PD,larceny,69
SEVIER,SALINA PD,motor vehicle theft,3
SEVIER,SALINA PD,rape,2
SEVIER,SALINA PD,robbery,0
SEVIER,SEVIER COUNTY SHERIFF,arson,0
SEVIER,SEVIER COUNTY SHERIFF,assault,5
SEVIER,SEVIER COUNTY SHERIFF,burglary,31
SEVIER,SEVIER COUNTY SHERIFF,homicide,0
SEVIER,SEVIER COUNTY SHERIFF,larceny,130
SEVIER,SEVIER COUNTY SHERIFF,motor vehicle theft,13
SEVIER,SEVIER COUNTY SHERIFF,rape,0
SEVIER,SEVIER COUNTY SHERIFF,robbery,0
SUMMIT,KAMAS PD,arson,0
SUMMIT,KAMAS PD,assault,0
SUMMIT,KAMAS PD,burglary,6
SUMMIT,KAMAS PD,homicide,0
SUMMIT,KAMAS PD,larceny,21
SUMMIT,KAMAS PD,motor vehicle theft,0
SUMMIT,KAMAS PD,rape,0
SUMMIT,KAMAS PD,robbery,0
SUMMIT,PARK CITY PD,arson,0
SUMMIT,PARK CITY PD,assault,17
SUMMIT,PARK CITY PD,burglary,28
SUMMIT,PARK CITY PD,homicide,0
SUMMIT,PARK CITY PD,larceny,246
SUMMIT,PARK CITY PD,motor vehicle theft,8
SUMMIT,PARK CITY PD,rape,3
SUMMIT,PARK CITY PD,robbery,0
SUMMIT,SUMMIT COUNTY SHERIFF,arson,0
SUMMIT,SUMMIT COUNTY SHERIFF,assault,30
SUMMIT,SUMMIT COUNTY SHERIFF,burglary,58
SUMMIT,SUMMIT COUNTY SHERIFF,homicide,0
SUMMIT,SUMMIT COUNTY SHERIFF,larceny,316
SUMMIT,SUMMIT COUNTY SHERIFF,motor vehicle theft,27
SUMMIT,SUMMIT COUNTY SHERIFF,rape,2
SUMMIT,SUMMIT COUNTY SHERIFF,robbery,1
TOOELE,GRANTSVILLE PD,arson,2
TOOELE,GRANTSVILLE PD,assault,8
TOOELE,GRANTSVILLE PD,burglary,26
TOOELE,GRANTSVILLE PD,homicide,0
TOOELE,GRANTSVILLE PD,larceny,29
TOOELE,GRANTSVILLE PD,motor vehicle theft,16
TOOELE,GRANTSVILLE PD,rape,1
TOOELE,GRANTSVILLE PD,robbery,2
TOOELE,STOCKTON PD,arson,0
TOOELE,STOCKTON PD,assault,0
TOOELE,STOCKTON PD,burglary,4
TOOELE,STOCKTON PD,homicide,0
TOOELE,STOCKTON PD,larceny,3
TOOELE,STOCKTON PD,motor vehicle theft,1
TOOELE,STOCKTON PD,rape,0
TOOELE,STOCKTON PD,robbery,0
TOOELE,TOOELE COUNTY SHERIFF,arson,7
TOOELE,TOOELE COUNTY SHERIFF,assault,11
TOOELE,TOOELE COUNTY SHERIFF,burglary,68
TOOELE,TOOELE COUNTY SHERIFF,homicide,1
TOOELE,TOOELE COUNTY SHERIFF,larceny,72
TOOELE,TOOELE COUNTY SHERIFF,motor vehicle theft,30
TOOELE,TOOELE COUNTY SHERIFF,rape,2
TOOELE,TOOELE COUNTY SHERIFF,robbery,1
TOOELE,TOOELE PD,arson,15
TOOELE,TOOELE PD,assault,42
TOOELE,TOOELE PD,burglary,199
TOOELE,TOOELE PD,homicide,1
TOOELE,TOOELE PD,larceny,979
TOOELE,TOOELE PD,motor vehicle theft,143
TOOELE,TOOELE PD,rape,24
TOOELE,TOOELE PD,robbery,20
UINTAH,NAPLES PD,arson,2
UINTAH,NAPLES PD,assault,0
UINTAH,NAPLES PD,burglary,6
UINTAH,NAPLES PD,homicide,0
UINTAH,NAPLES PD,larceny,18
UINTAH,NAPLES PD,motor vehicle theft,3
UINTAH,NAPLES PD,rape,0
UINTAH,NAPLES PD,robbery,0
UINTAH,UINTAH COUNTY SHERIFF,arson,1
UINTAH,UINTAH COUNTY SHERIFF,assault,20
UINTAH,UINTAH COUNTY SHERIFF,burglary,48
UINTAH,UINTAH COUNTY SHERIFF,homicide,1
UINTAH,UINTAH COUNTY SHERIFF,larceny,155
UINTAH,UINTAH COUNTY SHERIFF,motor vehicle theft,13
UINTAH,UINTAH COUNTY SHERIFF,rape,6
UINTAH,UINTAH COUNTY SHERIFF,robbery,2
UINTAH,VERNAL PD,arson,1
UINTAH,VERNAL PD,assault,6
UINTAH,VERNAL PD,burglary,30
UINTAH,VERNAL PD,homicide,0
UINTAH,VERNAL PD,larceny,402
UINTAH,VERNAL PD,motor vehicle theft,8
UINTAH,VERNAL PD,rape,7
UINTAH,VERNAL PD,robbery,4
UTAH,AMERICAN FORK/CEDAR HILLS PD,arson,0
UTAH,AMERICAN FORK/CEDAR HILLS PD,assault,12
UTAH,AMERICAN FORK/CEDAR HILLS PD,burglary,81
UTAH,AMERICAN FORK/CEDAR HILLS PD,homicide,0
UTAH,AMERICAN FORK/CEDAR HILLS PD,larceny,719
UTAH,AMERICAN FORK/CEDAR HILLS PD,motor vehicle theft,13
UTAH,AMERICAN FORK/CEDAR HILLS PD,rape,7
UTAH,AMERICAN FORK/CEDAR HILLS PD,robbery,3
UTAH,BYU PD,arson,0
UTAH,BYU PD,assault,0
UTAH,BYU PD,burglary,3
UTAH,BYU PD,homicide,0
UTAH,BYU PD,larceny,202
UTAH,BYU PD,motor vehicle theft,1
UTAH,BYU PD,rape,0
UTAH,BYU PD,robbery,0
UTAH,LEHI PD,arson,0
UTAH,LEHI PD,assault,14
UTAH,LEHI PD,burglary,144
UTAH,LEHI PD,homicide,0
UTAH,LEHI PD,larceny,527
UTAH,LEHI PD,motor vehicle theft,40
UTAH,LEHI PD,rape,19
UTAH,LEHI PD,robbery,5
UTAH,LINDON PD,arson,0
UTAH,LINDON PD,assault,2
UTAH,LINDON PD,burglary,22
UTAH,LINDON PD,homicide,1
UTAH,LINDON PD,larceny,187
UTAH,LINDON PD,motor vehicle theft,7
UTAH,LINDON PD,rape,1
UTAH,LINDON PD,robbery,2
UTAH,LONE PEAK PD,arson,0
UTAH,LONE PEAK PD,assault,4
UTAH,LONE PEAK PD,burglary,35
UTAH,LONE PEAK PD,homicide,0
UTAH,LONE PEAK PD,larceny,135
UTAH,LONE PEAK PD,motor vehicle theft,9
UTAH,LONE PEAK PD,rape,2
UTAH,LONE PEAK PD,robbery,0
UTAH,MAPLETON PD,arson,0
UTAH,MAPLETON PD,assault,2
UTAH,MAPLETON PD,burglary,13
UTAH,MAPLETON PD,homicide,0
UTAH,MAPLETON PD,larceny,66
UTAH,MAPLETON PD,motor vehicle theft,2
UTAH,MAPLETON PD,rape,1
UTAH,MAPLETON PD,robbery,0
UTAH,OREM DPS,arson,0
UTAH,OREM DPS,assault,16
UTAH,OREM DPS,burglary,162
UTAH,OREM DPS,homicide,0
UTAH,OREM DPS,larceny,1693
UTAH,OREM DPS,motor vehicle theft,97
UTAH,OREM DPS,rape,9
UTAH,OREM DPS,robbery,15
UTAH,PAYSON PD,arson,0
UTAH,PAYSON PD,assault,7
UTAH,PAYSON PD,burglary,63
UTAH,PAYSON PD,homicide,0
UTAH,PAYSON PD,larceny,369
UTAH,PAYSON PD,motor vehicle theft,16
UTAH,PAYSON PD,rape,0
UTAH,PAYSON PD,robbery,4
UTAH,PLEASANT GROVE PD #,arson,0
UTAH,PLEASANT GROVE PD #,assault,2
UTAH,PLEASANT GROVE PD #,burglary,37
UTAH,PLEASANT GROVE PD #,homicide,6
UTAH,PLEASANT GROVE PD #,larceny,208
UTAH,PLEASANT GROVE PD #,motor vehicle theft,14
UTAH,PLEASANT GROVE PD #,rape,4
UTAH,PLEASANT GROVE PD #,robbery,0
UTAH,PROVO PD,arson,6
UTAH,PROVO PD,assault,61
UTAH,PROVO PD,burglary,208
UTAH,PROVO PD,homicide,1
UTAH,PROVO PD,larceny,1909
UTAH,PROVO PD,motor vehicle theft,102
UTAH,PROVO PD,rape,67
UTAH,PROVO PD,robbery,19
UTAH,SALEM PD,arson,0
UTAH,SALEM PD,assault,4
UTAH,SALEM PD,burglary,12
UTAH,SALEM PD,homicide,0
UTAH,SALEM PD,larceny,50
UTAH,SALEM PD,motor vehicle theft,2
UTAH,SALEM PD,rape,2
UTAH,SALEM PD,robbery,0
UTAH,SANTAQUIN PD,arson,0
UTAH,SANTAQUIN PD,assault,4
UTAH,SANTAQUIN PD,burglary,27
UTAH,SANTAQUIN PD,homicide,0
UTAH,SANTAQUIN PD,larceny,57
UTAH,SANTAQUIN PD,motor vehicle theft,1
UTAH,SANTAQUIN PD,rape,0
UTAH,SANTAQUIN PD,robbery,0
UTAH,SARATOGA SPRINGS PD,arson,0
UTAH,SARATOGA SPRINGS PD,assault,10
UTAH,SARATOGA SPRINGS PD,burglary,18
UTAH,SARATOGA SPRINGS PD,homicide,0
UTAH,SARATOGA SPRINGS PD,larceny,157
UTAH,SARATOGA SPRINGS PD,motor vehicle theft,7
UTAH,SARATOGA SPRINGS PD,rape,2
UTAH,SARATOGA SPRINGS PD,robbery,0
UTAH,SPANISH FORK PD,arson,1
UTAH,SPANISH FORK PD,assault,2
UTAH,SPANISH FORK PD,burglary,74
UTAH,SPANISH FORK PD,homicide,4
UTAH,SPANISH FORK PD,larceny,398
UTAH,SPANISH FORK PD,motor vehicle theft,14
UTAH,SPANISH FORK PD,rape,1
UTAH,SPANISH FORK PD,robbery,1
UTAH,SPRINGVILLE PD,arson,0
UTAH,SPRINGVILLE PD,assault,22
UTAH,SPRINGVILLE PD,burglary,60
UTAH,SPRINGVILLE PD,homicide,2
UTAH,SPRINGVILLE PD,larceny,543
UTAH,SPRINGVILLE PD,motor vehicle theft,14
UTAH,SPRINGVILLE PD,rape,10
UTAH,SPRINGVILLE PD,robbery,2
UTAH,UTAH COUNTY ATTY - INVESTIGATIONS DIV,arson,0
UTAH,UTAH COUNTY ATTY - INVESTIGATIONS DIV,assault,1
UTAH,UTAH COUNTY ATTY - INVESTIGATIONS DIV,burglary,0
UTAH,UTAH COUNTY ATTY - INVESTIGATIONS DIV,homicide,0
UTAH,UTAH COUNTY ATTY - INVESTIGATIONS DIV,larceny,0
UTAH,UTAH COUNTY ATTY - INVESTIGATIONS DIV,motor vehicle theft,0
UTAH,UTAH COUNTY ATTY - INVESTIGATIONS DIV,rape,0
UTAH,UTAH COUNTY ATTY - INVESTIGATIONS DIV,robbery,0
UTAH,UTAH COUNTY MAJOR CRIMES TASK FORCE,arson,0
UTAH,UTAH COUNTY MAJOR CRIMES TASK FORCE,assault,0
UTAH,UTAH COUNTY MAJOR CRIMES TASK FORCE,burglary,0
UTAH,UTAH COUNTY MAJOR CRIMES TASK FORCE,homicide,0
UTAH,UTAH COUNTY MAJOR CRIMES TASK FORCE,larceny,3
UTAH,UTAH COUNTY MAJOR CRIMES TASK FORCE,motor vehicle theft,0
UTAH,UTAH COUNTY MAJOR CRIMES TASK FORCE,rape,0
UTAH,UTAH COUNTY MAJOR CRIMES TASK FORCE,robbery,0
UTAH,UTAH COUNTY SHERIFF,arson,1
UTAH,UTAH COUNTY SHERIFF,assault,25
UTAH,UTAH COUNTY SHERIFF,burglary,38
UTAH,UTAH COUNTY SHERIFF,homicide,1
UTAH,UTAH COUNTY SHERIFF,larceny,201
UTAH,UTAH COUNTY SHERIFF,motor vehicle theft,16
UTAH,UTAH COUNTY SHERIFF,rape,9
UTAH,UTAH COUNTY SHERIFF,robbery,0
UTAH,UTAH VALLEY UNIVERSITY PD,arson,0
UTAH,UTAH VALLEY UNIVERSITY PD,assault,1
UTAH,UTAH VALLEY UNIVERSITY PD,burglary,4
UTAH,UTAH VALLEY UNIVERSITY PD,homicide,0
UTAH,UTAH VALLEY UNIVERSITY PD,larceny,78
UTAH,UTAH VALLEY UNIVERSITY PD,motor vehicle theft,3
UTAH,UTAH VALLEY UNIVERSITY PD,rape,0
UTAH,UTAH VALLEY UNIVERSITY PD,robbery,0
WASATCH,HEBER CITY PD,arson,1
WASATCH,HEBER CITY PD,assault,4
WASATCH,HEBER CITY PD,burglary,18
WASATCH,HEBER CITY PD,homicide,0
WASATCH,HEBER CITY PD,larceny,94
WASATCH,HEBER CITY PD,motor vehicle theft,3
WASATCH,HEBER CITY PD,rape,4
WASATCH,HEBER CITY PD,robbery,1
WASATCH,WASATCH COUNTY SHERIFF,arson,1
WASATCH,WASATCH COUNTY SHERIFF,assault,14
WASATCH,WASATCH COUNTY SHERIFF,burglary,28
WASATCH,WASATCH COUNTY SHERIFF,homicide,0
WASATCH,WASATCH COUNTY SHERIFF,larceny,76
WASATCH,WASATCH COUNTY SHERIFF,motor vehicle theft,5
WASATCH,WASATCH COUNTY SHERIFF,rape,2
WASATCH,WASATCH COUNTY SHERIFF,robbery,0
WASHINGTON,HURRICANE PD,arson,1
WASHINGTON,HURRICANE PD,assault,10
WASHINGTON,HURRICANE PD,burglary,26
WASHINGTON,HURRICANE PD,homicide,0
WASHINGTON,HURRICANE PD,larceny,167
WASHINGTON,HURRICANE PD,motor vehicle theft,12
WASHINGTON,HURRICANE PD,rape,1
WASHINGTON,HURRICANE PD,robbery,1
WASHINGTON,LA VERKIN PD,arson,0
WASHINGTON,LA VERKIN PD,assault,7
WASHINGTON,LA VERKIN PD,burglary,14
WASHINGTON,LA VERKIN PD,homicide,0
WASHINGTON,LA VERKIN PD,larceny,45
WASHINGTON,LA VERKIN PD,motor vehicle theft,7
WASHINGTON,LA VERKIN PD,rape,1
WASHINGTON,LA VERKIN PD,robbery,1
WASHINGTON,SANTA CLARA IVINS PUBLIC SAFETY,arson,0
WASHINGTON,SANTA CLARA IVINS PUBLIC SAFETY,assault,7
WASHINGTON,SANTA CLARA IVINS PUBLIC SAFETY,burglary,23
WASHINGTON,SANTA CLARA IVINS PUBLIC SAFETY,homicide,0
WASHINGTON,SANTA CLARA IVINS PUBLIC SAFETY,larceny,60
WASHINGTON,SANTA CLARA IVINS PUBLIC SAFETY,motor vehicle theft,4
WASHINGTON,SANTA CLARA IVINS PUBLIC SAFETY,rape,1
WASHINGTON,SANTA CLARA IVINS PUBLIC SAFETY,robbery,1
WASHINGTON,SPRINGDALE PD,arson,0
WASHINGTON,SPRINGDALE PD,assault,7
WASHINGTON,SPRINGDALE PD,burglary,9
WASHINGTON,SPRINGDALE PD,homicide,0
WASHINGTON,SPRINGDALE PD,larceny,18
WASHINGTON,SPRINGDALE PD,motor vehicle theft,1
WASHINGTON,SPRINGDALE PD,rape,1
WASHINGTON,SPRINGDALE PD,robbery,0
WASHINGTON,ST. GEORGE PD,arson,5
WASHINGTON,ST. GEORGE PD,assault,65
WASHINGTON,ST. GEORGE PD,burglary,305
WASHINGTON,ST. GEORGE PD,homicide,0
WASHINGTON,ST. GEORGE PD,larceny,1105
WASHINGTON,ST. GEORGE PD,motor vehicle theft,90
WASHINGTON,ST. GEORGE PD,rape,25
WASHINGTON,ST. GEORGE PD,robbery,19
WASHINGTON,WASHINGTON CITY PD,arson,2
WASHINGTON,WASHINGTON CITY PD,assault,12
WASHINGTON,WASHINGTON CITY PD,burglary,53
WASHINGTON,WASHINGTON CITY PD,homicide,0
WASHINGTON,WASHINGTON CITY PD,larceny,432
WASHINGTON,WASHINGTON CITY PD,motor vehicle theft,13
WASHINGTON,WASHINGTON CITY PD,rape,7
WASHINGTON,WASHINGTON CITY PD,robbery,4
WASHINGTON,WASHINGTON COUNTY SHERIFF,arson,0
WASHINGTON,WASHINGTON COUNTY SHERIFF,assault,11
WASHINGTON,WASHINGTON COUNTY SHERIFF,burglary,30
WASHINGTON,WASHINGTON COUNTY SHERIFF,homicide,2
WASHINGTON,WASHINGTON COUNTY SHERIFF,larceny,85
WASHINGTON,WASHINGTON COUNTY SHERIFF,motor vehicle theft,4
WASHINGTON,WASHINGTON COUNTY SHERIFF,rape,3
WASHINGTON,WASHINGTON COUNTY SHERIFF,robbery,2
WAYNE,WAYNE COUNTY SHERIFF,arson,0
WAYNE,WAYNE COUNTY SHERIFF,assault,1
WAYNE,WAYNE COUNTY SHERIFF,burglary,3
WAYNE,WAYNE COUNTY SHERIFF,homicide,0
WAYNE,WAYNE COUNTY SHERIFF,larceny,6
WAYNE,WAYNE COUNTY SHERIFF,motor vehicle theft,0
WAYNE,WAYNE COUNTY SHERIFF,rape,0
WAYNE,WAYNE COUNTY SHERIFF,robbery,0
WEBER,HARRISVILLE PD,arson,0
WEBER,HARRISVILLE PD,assault,6
WEBER,HARRISVILLE PD,burglary,21
WEBER,HARRISVILLE PD,homicide,0
WEBER,HARRISVILLE PD,larceny,132
WEBER,HARRISVILLE PD,motor vehicle theft,2
WEBER,HARRISVILLE PD,rape,0
WEBER,HARRISVILLE PD,robbery,0
WEBER,NORTH OGDEN PD,arson,4
WEBER,NORTH OGDEN PD,assault,4
WEBER,NORTH OGDEN PD,burglary,27
WEBER,NORTH OGDEN PD,homicide,0
WEBER,NORTH OGDEN PD,larceny,159
WEBER,NORTH OGDEN PD,motor vehicle theft,11
WEBER,NORTH OGDEN PD,rape,8
WEBER,NORTH OGDEN PD,robbery,0
WEBER,OGDEN PD,arson,14
WEBER,OGDEN PD,assault,249
WEBER,OGDEN PD,burglary,526
WEBER,OGDEN PD,homicide,4
WEBER,OGDEN PD,larceny,2969
WEBER,OGDEN PD,motor vehicle theft,256
WEBER,OGDEN PD,rape,34
WEBER,OGDEN PD,robbery,114
WEBER,PLEASANT VIEW PD,arson,0
WEBER,PLEASANT VIEW PD,assault,2
WEBER,PLEASANT VIEW PD,burglary,16
WEBER,PLEASANT VIEW PD,homicide,0
WEBER,PLEASANT VIEW PD,larceny,58
WEBER,PLEASANT VIEW PD,motor vehicle theft,6
WEBER,PLEASANT VIEW PD,rape,2
WEBER,PLEASANT VIEW PD,robbery,0
WEBER,RIVERDALE PD,arson,1
WEBER,RIVERDALE PD,assault,6
WEBER,RIVERDALE PD,burglary,21
WEBER,RIVERDALE PD,homicide,0
WEBER,RIVERDALE PD,larceny,430
WEBER,RIVERDALE PD,motor vehicle theft,14
WEBER,RIVERDALE PD,rape,7
WEBER,RIVERDALE PD,robbery,4
WEBER,ROY PD,arson,3
WEBER,ROY PD,assault,10
WEBER,ROY PD,burglary,103
WEBER,ROY PD,homicide,2
WEBER,ROY PD,larceny,621
WEBER,ROY PD,motor vehicle theft,37
WEBER,ROY PD,rape,16
WEBER,ROY PD,robbery,2
WEBER,SOUTH OGDEN PD,arson,0
WEBER,SOUTH OGDEN PD,assault,11
WEBER,SOUTH OGDEN PD,burglary,52
WEBER,SOUTH OGDEN PD,homicide,0
WEBER,SOUTH OGDEN PD,larceny,229
WEBER,SOUTH OGDEN PD,motor vehicle theft,20
WEBER,SOUTH OGDEN PD,rape,6
WEBER,SOUTH OGDEN PD,robbery,4
WEBER,WEBER COUNTY SHERIFF,arson,2
WEBER,WEBER COUNTY SHERIFF,assault,26
WEBER,WEBER COUNTY SHERIFF,burglary,164
WEBER,WEBER COUNTY SHERIFF,homicide,0
WEBER,WEBER COUNTY SHERIFF,larceny,562
WEBER,WEBER COUNTY SHERIFF,motor vehicle theft,44
WEBER,WEBER COUNTY SHERIFF,rape,6
WEBER,WEBER COUNTY SHERIFF,robbery,2
WEBER,WEBER STATE UNIVERSITY PD,arson,0
WEBER,WEBER STATE UNIVERSITY PD,assault,0
WEBER,WEBER STATE UNIVERSITY PD,burglary,6
WEBER,WEBER STATE UNIVERSITY PD,homicide,0
WEBER,WEBER STATE UNIVERSITY PD,larceny,41
WEBER,WEBER STATE UNIVERSITY PD,motor vehicle theft,0
WEBER,WEBER STATE UNIVERSITY PD,rape,0
WEBER,WEBER STATE UNIVERSITY PD,robbery,0
[STATE AGENCY],UT DNR - PARKS,arson,0
[STATE AGENCY],UT DNR - PARKS,assault,2
[STATE AGENCY],UT DNR - PARKS,burglary,1
[STATE AGENCY],UT DNR - PARKS,homicide,0
[STATE AGENCY],UT DNR - PARKS,larceny,27
[STATE AGENCY],UT DNR - PARKS,motor vehicle theft,2
[STATE AGENCY],UT DNR - PARKS,rape,0
[STATE AGENCY],UT DNR - PARKS,robbery,0
[STATE AGENCY],UT DNR - WILDLIFE RESOURCES,arson,0
[STATE AGENCY],UT DNR - WILDLIFE RESOURCES,assault,2
[STATE AGENCY],UT DNR - WILDLIFE RESOURCES,burglary,1
[STATE AGENCY],UT DNR - WILDLIFE RESOURCES,homicide,0
[STATE AGENCY],UT DNR - WILDLIFE RESOURCES,larceny,13
[STATE AGENCY],UT DNR - WILDLIFE RESOURCES,motor vehicle theft,0
[STATE AGENCY],UT DNR - WILDLIFE RESOURCES,rape,0
[STATE AGENCY],UT DNR - WILDLIFE RESOURCES,robbery,0
[STATE AGENCY],UT DPS UTA SECTION,arson,2
[STATE AGENCY],UT DPS UTA SECTION,assault,3
[STATE AGENCY],UT DPS UTA SECTION,burglary,4
[STATE AGENCY],UT DPS UTA SECTION,homicide,0
[STATE AGENCY],UT DPS UTA SECTION,larceny,2351
[STATE AGENCY],UT DPS UTA SECTION,motor vehicle theft,53
[STATE AGENCY],UT DPS UTA SECTION,rape,0
[STATE AGENCY],UT DPS UTA SECTION,robbery,10
[STATE AGENCY],UTAH HIGHWAY PATROL,arson,1
[STATE AGENCY],UTAH HIGHWAY PATROL,assault,34
[STATE AGENCY],UTAH HIGHWAY PATROL,burglary,3
[STATE AGENCY],UTAH HIGHWAY PATROL,homicide,0
[STATE AGENCY],UTAH HIGHWAY PATROL,larceny,143
[STATE AGENCY],UTAH HIGHWAY PATROL,motor vehicle theft,37
[STATE AGENCY],UTAH HIGHWAY PATROL,rape,7
[STATE AGENCY],UTAH HIGHWAY PATROL,robbery,3
